,Title,Make,Year,KM,Fuel Type,Price
0,"Mahindra Scorpio S4 Plus, 2017, Diesel",Mahindra,2017,57000,Diesel,951000
1,"Maruti Suzuki S Cross Zeta DDiS 200 SH, 2018, Diesel",Maruti,2018,37982,Diesel,950000
2,"Renault Fluence E4 D, 2012, Diesel",Renault,2012,99447,Diesel,365000
3,"Toyota Innova Crysta 2.8 ZX AT, 2018, Diesel",Toyota,2018,98000,Diesel,2000000
4,"Maruti Suzuki Alto K10 VXI, 2012, Petrol",Maruti,2012,66500,Petrol,230000
5,"Hyundai Creta 1.6 VTVT E Plus, 2017, Petrol",Hyundai,2017,20352,Petrol,925000
6,"Chevrolet Spark 1.0 BS3, 2007, Petrol",Chevrolet,2007,78452,Petrol,80000
7,"Maruti Suzuki Ignis 1.2 Zeta, 2019, Petrol",Maruti,2019,8500,Petrol,600000
8,Mahindra Thar 2018 Diesel Well Maintained,Mahindra,2018,60000,Diesel,1000000
9,Tata Zest  2015 Diesel 52000 Km Driven,Tata,2015,52000,Diesel,385000
10,Toyota Yaris 2021 Petrol 2200 Km Driven,Toyota,2021,2200,Petrol,935000
11,Hyundai i10 2009 LPG Well Maintained with accessories worth 1 Lakhs.,Hyundai,2009,51000,Diesel,260000
12,Doctor's Driven single hand car.,Doctor's,2013,81000,Diesel,575000
13,Honda City ZX 2006 Petrol,Honda,2006,120000,Petrol,175000
14,"Maruti Suzuki Ertiga VDI, 2012, Diesel",Maruti,2012,78000,Diesel,610000
15,"Hyundai Santa Fe 2WD AT, 2015, Diesel",Hyundai,2015,78693,Diesel,1550000
16,Ritz  zdi sell,Ritz,2014,86000,Diesel,450000
17,Top condition,Top,2019,35,Diesel,160000
18,Toyota Innova 2007,Toyota,2007,195000,Diesel,320000
19,"Honda City ZX, 2008, Petrol",Honda,2008,75486,Petrol,220000
20,"Mahindra Scorpio S4 Plus, 2017, Diesel",Mahindra,2017,43000,Diesel,1025000
21,"Hyundai Verna 2011-2014 1.6 SX, 2013, Diesel",Hyundai,2013,65870,Diesel,535000
22,"Toyota Etios Liva 2014-2016 GD, 2016, Diesel",Toyota,2016,74226,Diesel,490000
23,"Toyota Innova Crysta 2.4 GX MT, 2018, Diesel",Toyota,2018,93000,Diesel,1675000
24,Tata Manza 2010 Diesel 136000 Km Driven,Tata,2010,136000,Diesel,150000
25,Toyota Innova 2016 Diesel 84000 Km Driven,Toyota,2016,84000,Diesel,925000
26,Excellent condition wih new battery,Excellent,2012,100000,Diesel,215000
27,Tata Hyva 2012 model running,Tata,2012,40000,Diesel,1200000
28,Bajaj RE60 2,Bajaj,2015,40000,Diesel,110000
29,Saverlate Avio,Saverlate,2006,70000,Diesel,140000
30,Maruti Suzuki 800 2001 LPG 80000 Km Driven,Maruti,2001,80000,Diesel,50000
31,Mitsubishi Lancer 2001 Well Maintained,Mitsubishi,2001,170000,Diesel,85000
32,Tata Indica Vista 2011,Tata,2011,40000,Diesel,145000
33,Good condition all paper complet,Good,2019,27000,Diesel,1300000
34,Alto sale  good condition,Alto,2004,60000,Diesel,100000
35,Mahindra Scorpio 2014 Diesel Well Maintained,Mahindra,2014,94221,Diesel,675000
36,"Renault KWID 1.0 RXT, 2016, Petrol",Renault,2016,52000,Petrol,285000
37,Hyundai Santro 2006,Hyundai,2006,56000,Diesel,125000
38,"Tata Indica V2 2009-2011 DLS, 2009, Diesel",Tata,2009,99856,Diesel,99000
39,Chevrolet Tavera 2012 Diesel Good Condition,Chevrolet,2012,230000,Diesel,320000
40,"Hyundai Creta 1.4 CRDi S Plus, 2017, Diesel",Hyundai,2017,85000,Diesel,945000
41,"Maruti Suzuki Swift Dzire AMT VXI, 2018, Petrol",Maruti,2018,65000,Petrol,710000
42,"Hyundai Grand i10 1.2 CRDi Asta, 2015, Diesel",Hyundai,2015,72000,Diesel,535000
43,HYUNDAI ELANTRA 2019 1.6 SX(O) AUTOMATIC SUNROOF,HYUNDAI,2019,39743,Diesel,1675000
44,Chevrolet Cruze 2012 Diesel Well Maintained,Chevrolet,2012,61000,Diesel,240000
45,"Skoda Superb L&K 2.0 TDI AT, 2017, Diesel",Skoda,2017,59000,Diesel,2400000
46,"Ford Ecosport 1.5 TDCi Titanium Plus BE, 2015, Diesel",Ford,2015,28100,Diesel,675000
47,Kesar bbag,Kesar,2016,20,Diesel,400000
48,Aziz Patel,Aziz,2004,100000,Diesel,80000
49,Baleno car for selling,Baleno,2019,25,Diesel,680000
50,Baleno car lena hai,Baleno,2017,35000,Diesel,500000
51,Maruti Suzuki Gypsy 1995,Maruti,1995,90000,Diesel,101000
52,Maruti Suzuki Wagon R 2006,Maruti,2006,70000,Diesel,130000
53,Bajaj RE60 2015,Bajaj,2015,70000,Diesel,140000
54,Maruti Suzuki Omni 2007,Maruti,2007,120000,Diesel,120000
55,"Toyota, innova ,14 years,","Toyota,",2007,12,Diesel,350000
56,Maruti Suzuki Swift 2014,Maruti,2014,80000,Diesel,350000
57,Maruti Suzuki Ciaz 2018,Maruti,2018,70000,Diesel,850000
58,Wagons vxi petrol 1 st full,Wagons,2015,45000,Diesel,375000
59,Mahindra Scorpio 2009 Well Maintained,Mahindra,2009,130000,Diesel,330000
60,"Hyundai i10 Magna, 2009, Petrol",Hyundai,2009,52000,Petrol,250000
61,"Tata Tiago 1.05 Revotorq XM, 2018, Diesel",Tata,2018,39000,Diesel,521000
62,"Maruti Suzuki Ciaz 2014-2017 ZDi Plus, 2016, Diesel",Maruti,2016,59983,Diesel,775000
63,Datsun GO Plus 2016 Petrol Well Maintained,Datsun,2016,35000,Petrol,375000
64,Alto k10 good condition 31700 km only,Alto,2012,20,Diesel,250000
65,Maruti Suzuki Baleno 2019 Petrol 16000 Km Driven,Maruti,2019,16000,Petrol,575000
66,Mahindra XUV500 2015 Well Maintained,Mahindra,2015,107205,Diesel,1175000
67,Maruti Suzuki Swift Dzire 2014 Diesel Well Maintained,Maruti,2014,60000,Diesel,625000
68,Tata Indica V2 2009,Tata,2009,120000,Diesel,75000
69,Company alloy wheels,Company,2017,155000,Diesel,625000
70,Full original he,Full,2012,10000,Diesel,440000
71,Maruti Suzuki SX4 2011,Maruti,2011,150000,Diesel,225000
72,Sell my swift dzire,Sell,2015,120000,Diesel,511786
73,New time top in condition,New,2014,160000,Diesel,550000
74,250000 me aapko padengi,250000,2017,90000,Diesel,240000
75,"Toyota Innova 2.0 G4, 2013, Diesel",Toyota,2013,75000,Diesel,750000
76,Maruti Suzuki Gypsy 1996 Diesel Well Maintained,Maruti,1996,100000,Diesel,200000
77,BMW 3 Series 2012 Diesel Good Condition,BMW,2012,137000,Diesel,750000
78,"Maruti Suzuki Wagon R Stingray LXI Optional, 2014, Petrol",Maruti,2014,41500,Petrol,295000
79,"Hyundai i20, 2017, Diesel",Hyundai,2017,42200,Diesel,835000
80,"Mahindra XUV500 W8 2WD, 2015, Diesel",Mahindra,2015,83240,Diesel,925000
81,"Maruti Suzuki Baleno 1.2 Alpha, 2016, Petrol",Maruti,2016,25689,Petrol,625000
82,"Hyundai Creta 1.4 E Plus, 2017, Diesel",Hyundai,2017,47100,Diesel,930000
83,Original mahindra di engine Jeep running,Original,1993,51000,Diesel,131000
84,Honda City 2016 Petrol 62300 Km Driven,Honda,2016,62300,Petrol,650000
85,Hyundai Santro 2019,Hyundai,2019,0,Diesel,600000
86,Chevrolet Spark 2012 Petrol Well Maintained,Chevrolet,2012,55000,Petrol,160000
87,"Hyundai Creta 1.6 EX Diesel, 2019, Diesel",Hyundai,2019,33001,Diesel,1100000
88,Skoda SuperbDiesel Well Maintained,Skoda,2011,45200,Diesel,650000
89,Chevrolet Spark 2007 CNG &amp; Hybrids 76000 Km Driven,Chevrolet,2007,76000,Diesel,85000
90,Vitara brezza vdi 2019,Vitara,2019,30000,Diesel,880000
91,Good condition ok gadi,Good,2009,15,Diesel,135000
92,Hyundai i20 2012 Well Maintained,Hyundai,2012,75000,Diesel,450000
93,Volkswagen Polo 2013,Volkswagen,2013,65000,Diesel,345000
94,Tata Indigo Ecs 2011,Tata,2011,83000,Diesel,90000
95,Power windo push button start,Power,2012,16000,Diesel,65000
96,Maruti Suzuki Swift 2012,Maruti,2012,57000,Diesel,360000
97,Good raninig connedina,Good,1988,20,Diesel,100000
98,Ganesh patidar,Ganesh,2018,17,Diesel,750000
99,Hyundai i10 2008 era,Hyundai,2008,88749,Diesel,175253
100,"Maruti Suzuki Ertiga VDI, 2014, Diesel",Maruti,2014,45000,Diesel,725000
101,"Maruti Suzuki Alto 800 LXI, 2019, Petrol",Maruti,2019,36139,Petrol,365000
102,"Toyota Etios 2013-2014 GD, 2013, Diesel",Toyota,2013,70000,Diesel,465000
103,Best sports car,Best,2009,60000,Diesel,200000
104,बजाज ऑटो रिक्शा,बजाज,2000,100,Diesel,180000
105,Tata Zest  2015 Petrol 55000 Km Driven,Tata,2015,60000,Petrol,400000
106,Maruti Suzuki Wagon R 1.0 2016 CNG & Hybrids 65000 Km Driven,Maruti,2016,65000,Diesel,380000
107,Honda Jazz 2017 Petrol Good Condition,Honda,2017,16500,Petrol,575000
108,Maruti Suzuki Wagon R 2014 Petrol 50000 Km Driven,Maruti,2014,50000,Petrol,200000
109,Tata Indigo Ecs 2015 Diesel Well Maintained,Tata,2015,95000,Diesel,160000
110,Maximo first owner original gadi he bima he fitness he 4 tyre new he,Maximo,2011,85000,Diesel,165000
111,Tata Manza 2011 Diesel 62000 Km Driven,Tata,2011,62000,Diesel,235000
112,Almost new car cuv500,Almost,2013,104500,Diesel,550000
113,फुल ओरिजिनल पूरी खड़क,फुल,2012,85000,Diesel,95000
114,Tata 3118 best condition pese ki jarurat hai,Tata,2013,2000,Diesel,1350000
115,Maruti Suzuki Vitara Brezza 2017 Diesel 54000 Km Driven,Maruti,2017,54000,Diesel,750000
116,Hyundai i10 2008 Petrol 62000 Km Driven,Hyundai,2008,62000,Petrol,210000
117,Hyundai Elite i20 2019 Petrol Well Maintained,Hyundai,2019,9000,Petrol,750000
118,Maruti Suzuki Swift Dzire 2016 CNG & Hybrids 70000 Km Driven,Maruti,2016,70000,Diesel,460000
119,Mahindra Thar 2019 Diesel Good Condition,Mahindra,2019,40000,Diesel,960000
120,"Ford Ecosport 1.5 Diesel Trend, 2013, Diesel",Ford,2013,68500,Diesel,590000
121,2015 डीजल मारुति सुजुकी स्विफ्ट डिजायर MP09 इंदौर GOOD condition 4+1,2015,2015,45300,Diesel,499999
122,"Honda City 2014-2015 V MT, 2015, Diesel",Honda,2015,82000,Diesel,590000
123,BMW 1 Series 2021 BANGALI SQUARE FLAT FOR RENT,BMW,2021,7500,Diesel,15000
124,Nissan Terrano  2014 Diesel Well Maintained SUV,Nissan,2014,80000,Diesel,535000
125,Tata Sumo Gold 2012 Diesel 40000 Km Driven,Tata,2012,30000,Diesel,300000
126,Ford Fiesta Classic 2011 Diesel 65000 Km Driven,Ford,2011,65000,Diesel,225000
127,Maruti Suzuki Swift 2009 Petrol 67000 Km Driven,Maruti,2009,67000,Petrol,195000
128,Maruti Suzuki Omni 2012 LPG 54000 Km Driven,Maruti,2012,54000,Diesel,185000
129,Good loking,Good,2006,90000,Diesel,90000
130,Hyundai i10 2013 Petrol 61325 Km Driven,Hyundai,2013,61325,Petrol,310000
131,Maruti Suzuki 800 2006 Good Condition,Maruti,2006,26000,Diesel,80000
132,Maruti Suzuki Ciaz 2019 Petrol Well Maintained,Maruti,2019,25000,Petrol,1000000
133,"Excellent Condition 
With body cover 
Fully loaded Car
Less km driven",Excellent,2019,16000,Diesel,425000
134,Toyota Innova Crysta 2018 Diesel Well Maintained,Toyota,2018,47000,Diesel,1400000
135,Maruti Suzuki Zen 2000 LPG 53000 Km Driven,Maruti,2000,53000,Diesel,50000
136,Tata Tiago 2018 Petrol 9557 Km Driven,Tata,2018,9557,Petrol,460000
137,Maruti Suzuki Omni 2004 Petrol Good Condition,Maruti,2004,61363,Petrol,60000
138,Fiat Linea 2009 Petrol Well Maintained,Fiat,2009,106808,Petrol,230000
139,BMW X1 2011 Diesel Good Condition,BMW,2011,115000,Diesel,595959
140,"Nissan Micra 2012-2017 XV CVT, 2016, Petrol",Nissan,2016,45000,Petrol,425000
141,"Renault Pulse Petrol RxZ, 2012, Petrol",Renault,2012,75808,Petrol,385000
142,"Maruti Suzuki Zen Estilo LXI BS IV, 2010, Petrol",Maruti,2010,62328,Petrol,221000
143,Safari dicore,Safari,2008,90000,Diesel,220000
144,Toyota Innova 2016 Diesel 95000 Km Driven,Toyota,2016,95000,Diesel,850000
145,Good condition,Good,2012,134000,Diesel,360000
146,Maruti Suzuki Alto 2007 Petrol 85000 Km Driven,Maruti,2007,85000,Petrol,125000
147,Tata Safari 2007 Diesel Well Maintained,Tata,2007,150000,Diesel,130000
148,White color,White,2010,118000,Diesel,490000
149,Brand new WagonR from Maruti dealership,Brand,2021,0,Diesel,513052
150,Audi A7 2016 कीमत मात्र 2000,Audi,2016,2000,Diesel,200000
151,"Mahindra TUV 300 T4, 2018, Diesel",Mahindra,2018,21055,Diesel,840000
152,"Hyundai I10 Era, 2009, Petrol",Hyundai,2009,39054,Petrol,250000
153,Hyundai Santa Fe 2015 Diesel Well Maintained,Hyundai,2015,76000,Diesel,1200000
154,Money problem,Money,2006,20,Diesel,150000
155,Maruti Suzuki Omni 2015,Maruti,2015,100000,Diesel,220000
156,Maruti Suzuki Swift 2012 Diesel 115000 Km Driven,Maruti,2012,115000,Diesel,400000
157,Toyota Innova 2009 Diesel Well Maintained,Toyota,2009,85000,Diesel,385000
158,मुझे नई गाड़ी लाना है इसलिए मैं बेच रहा हूं,मुझे,2004,60000,Diesel,50000
159,Toyota Corolla 2004 Petrol Well Maintained,Toyota,2004,60000,Petrol,180000
160,"Tata Safari Storme EX, 2012, Diesel",Tata,2012,65639,Diesel,495000
161,"Ford Endeavour 2009-2014 3.0L 4X4 AT, 2012, Diesel",Ford,2012,76000,Diesel,751000
162,"Maruti Suzuki Ciaz S 1.4, 2016, Diesel",Maruti,2016,58000,Diesel,750000
163,This is a best car,This,2013,51000,Diesel,315000
164,Maruti Suzuki Baleno 2020 car attach krne k liye add hai,Maruti,2020,1500,Diesel,200000
165,"Tata Safari 4x2 EX DICOR BS-III, 2011, Diesel",Tata,2011,63759,Diesel,311000
166,Skoda Fabia 2011 Diesel Well Maintained,Skoda,2011,120000,Diesel,290000
167,Maruti Suzuki Wagon R 2004 CNG &amp; Hybrids 80000 Km Driven,Maruti,2004,80000,Diesel,60000
168,"Mahindra Willys Others, 1964, Diesel",Mahindra,1964,9378,Diesel,345000
169,Hyundai Xcent 2013,Hyundai,2013,45000,Diesel,575000
170,Maruti Suzuki Wagon R 2012,Maruti,2012,100000,Diesel,210000
171,"Maruti Suzuki Swift VDI, 2016, Diesel",Maruti,2016,48000,Diesel,575000
172,"Maruti Suzuki Ertiga VDI, 2013, Diesel",Maruti,2013,68000,Diesel,695000
173,"Hyundai i20 2010-2012 1.4 CRDi Magna, 2011, Diesel",Hyundai,2011,71000,Diesel,325000
174,Maruti Suzuki Gypsy 2001,Maruti,2001,40000,Diesel,250000
175,Datsun RediGO 2019 Petrol Good Condition,Datsun,2019,0,Petrol,210000
176,Maruti Suzuki 800 petrol 70000 Km Driven,Maruti,2003,70000,Diesel,50000
177,Maruti Suzuki Ertiga 2012 Diesel 79880 Km Driven,Maruti,2012,79880,Diesel,550000
178,Good candition,Good,2016,84000,Diesel,550000
179,Hyundai verna in a very good condition,Hyundai,2008,189916,Diesel,155000
180,"Chevrolet Trailblazer LTZ 4X2 AT, 2015, Diesel",Chevrolet,2015,72000,Diesel,1400000
181,"Hyundai i10 Era, 2013, Petrol",Hyundai,2013,49323,Petrol,325000
182,"Renault KWID 1.0 RXT 02 Anniversary Edition, 2018, Petrol",Renault,2018,25058,Petrol,385000
183,New cars purchase karna hai,New,2015,20,Diesel,500000
184,"Toyota Etios 1.4 GD, 2017, Diesel",Toyota,2017,77000,Diesel,611000
185,First class,First,2010,82755,Diesel,295000
186,Indigo cs lx modal,Indigo,2014,125000,Diesel,170000
187,Maruti Suzuki Wagon R 2011 Petrol 37000 Km Driven,Maruti,2011,37000,Petrol,270000
188,Urgent sell,Urgent,2009,84000,Diesel,200000
189,Maruti Suzuki Zen 2000,Maruti,2000,65000,Diesel,45000
190,New Alto car,New,2020,22,Diesel,350000
191,A very good condition my Innova car,A,2008,300000,Diesel,450000
192,Maruti Suzuki Omni 2008 CNG & Hybrids 35000 Km Driven,Maruti,2008,35000,Diesel,130000
193,Hyundai Verna diesel,Hyundai,2017,35000,Diesel,950000
194,Hiii sell my car,Hiii,2012,30000,Diesel,300000
195,"I10 sports,single handed.",I10,2014,43000,Diesel,325000
196,Alto 800 lxi,Alto,2012,78658,Diesel,195000
197,Mahindra Scorpio 2010 Diesel Well Maintained,Mahindra,2010,150000,Diesel,350000
198,Tata Indica V2 2007 Diesel 65000 Km Driven,Tata,2007,65000,Diesel,65000
199,"Mitsubishi Lancer, 2001",Mitsubishi,2001,50000,Diesel,125000
200,"Skoda Octavia 2013-2017 Elegance 2.0 TDI AT, 2015, Diesel",Skoda,2015,63409,Diesel,1490000
201,"Ford Endeavour 2009-2014 3.0L 4X2 AT, 2010, Diesel",Ford,2010,97000,Diesel,580000
202,"Mahindra XUV500 W6 2WD, 2015, Diesel",Mahindra,2015,65000,Diesel,800000
203,Tata Indica Vista 2011 Diesel 94000 Km Driven,Tata,2011,97000,Diesel,210000
204,Mahindra XUV500 2014 Diesel Good Condition,Mahindra,2014,65000,Diesel,650000
205,Tata Safari 2013 Diesel 75000 Km Driven,Tata,2013,75000,Diesel,250000
206,Maruti Suzuki Ciaz 2013 Diesel 70000 Km Driven,Maruti,2013,70000,Diesel,410000
207,Ford Fiesta 2008 Diesel 72000 Km Driven,Ford,2008,72000,Diesel,150000
208,"Maruti Suzuki Ertiga 2014 Diesel , 95000 Km Driven",Maruti,2014,95000,Diesel,650000
209,Bicholi mardanaI ndore,Bicholi,2008,140000,Diesel,220000
210,Skoda Rapid 2012,Skoda,2012,72000,Diesel,325000
211,Single handed car,Single,2018,80000,Diesel,611000
212,Tata Indica Vista 2013 Diesel Well Maintained,Tata,2013,82000,Diesel,170000
213,Maruti Suzuki Swift Dzire 2017,Maruti,2017,54000,Diesel,600000
214,Hyundai i20 2019 Petrol 39000 Km Driven,Hyundai,2019,39000,Petrol,650000
215,Mahindra Thar 2016 Diesel 85000 Km Driven original candishn,Mahindra,2016,85000,Diesel,480000
216,Volkswagen Passat 2019 Diesel Well Maintained,Volkswagen,2019,25000,Diesel,3000000
217,Maruti Suzuki Wagon R 2007 LPG 40000 Km Driven,Maruti,2007,30000,Diesel,140000
218,"Honda City ZX VTEC, 2008, Petrol",Honda,2008,78452,Petrol,230000
219,Smart hybrid,Smart,2020,13000,Diesel,950000
220,"Maruti Suzuki Swift 2018 AMT VDI, 2018, Diesel",Maruti,2018,42442,Diesel,711000
221,"Tata Tiago 1.05 Revotorq XZ, 2018, Diesel",Tata,2018,37373,Diesel,535000
222,"Mercedes-Benz New C-Class 220 CDI AT, 2011, Diesel",Mercedes-Benz,2011,72000,Diesel,850000
223,Tata s very good condition,Tata,2013,100000,Diesel,210000
224,Maruti Suzuki Alto 800 1998,Maruti,1998,50000,Diesel,45000
225,Maruti swift vdi desial 2012,Maruti,2012,58000,Diesel,450000
226,Self start good condition new engine banaa hua  ..,Self,2006,50000,Diesel,55000
227,Maruti Suzuki Dzire 2017 Petrol Well Maintained & Good Condition,Maruti,2017,48000,Petrol,650000
228,Maruti Suzuki 800,Maruti,2000,60020,Diesel,50000
229,Maruti Suzuki Alto 2007 LPG Good Condition,Maruti,2007,80000,Diesel,90000
230,Ford Endeavour 2016 Diesel Well Maintained,Ford,2016,67949,Diesel,2500000
231,"सिंगल हैंड,वास्तविक 43000 km चली हुई।",सिंगल,2006,15,Diesel,70000
232,"Hyundai i10 1.2 Kappa SPORTZ, 2011, LPG",Hyundai,2011,74253,Diesel,260000
233,Tata Nano 2011 Petrol 50000 Km Driven,Tata,2011,50000,Petrol,46900
234,Hyundai i10 2008 Petrol 60518 Km Driven,Hyundai,2008,60518,Petrol,175000
235,Chevrolet tavera,Chevrolet,2014,16,Diesel,550000
236,Tata Indigo Ecs 2013 Diesel Well Maintained,Tata,2013,75000,Diesel,190000
237,Honda Mobilio 2016 Diesel Well Maintained,Honda,2016,60000,Diesel,750000
238,Tata Indigo cr4,Tata,2012,70000,Diesel,220000
239,वेष्णौदेविवालेसिक्के,वेष्णौदेविवालेसिक्के,2011,22,Diesel,500000
240,"Audi Q5 2.0 TDI quattro Premium, 2012, Diesel",Audi,2012,80000,Diesel,1550000
241,"Hyundai i20 1.2 Spotz, 2016, Petrol",Hyundai,2016,34572,Petrol,585000
242,"Tata Safari 4x2 EX DICOR BS-III, 2011, Diesel",Tata,2011,108247,Diesel,385000
243,Good condition car,Good,2013,77000,Diesel,350000
244,Tata Tiago 2021 Petrol 12000 Km Driven,Tata,2021,12000,Petrol,650000
245,Maruti Suzuki Omni 2007,Maruti,2007,70000,Diesel,82000
246,Mahindra Xylo 2010,Mahindra,2010,111700,Diesel,210000
247,Maruti Suzuki Zen 1998,Maruti,1998,0,Diesel,35000
248,बादशाह पटेल,बादशाह,2019,22,Diesel,355000
249,Maruti Suzuki Wagon R 2006,Maruti,2006,110000,Diesel,135000
250,Maruti Suzuki Ertiga 2018,Maruti,2018,63000,Diesel,850000
251,car in very good codition,car,2017,29000,Diesel,620000
252,"Chevrolet Spark, 2007, Petrol",Chevrolet,2007,78569,Petrol,90000
253,Maruti Suzuki 800 1996 LPG,Maruti,1996,60000,Diesel,40000
254,Maruti Suzuki Swift 2006,Maruti,2006,80000,Diesel,150000
255,Alto k10 lxi,Alto,2011,80000,Diesel,200000
256,Good Condition Vehicle,Good,2015,200000,Diesel,350000
257,Old Used Car Tyres,Old,2020,15000,Diesel,15000
258,Tata Indica V2 2007 GAS and PETROL,Tata,2007,80000,Diesel,75000
259,कार में कोई प्रॉब्लम नही है,कार,2010,74000,Diesel,150000
260,"Maruti Suzuki Ritz LDi, 2014, Diesel",Maruti,2014,49758,Diesel,425000
261,"Hyundai i10 Magna Automatic, 2011, Petrol",Hyundai,2011,39408,Petrol,311000
262,"Mahindra XUV500 W9, 2018, Diesel",Mahindra,2018,42172,Diesel,1595000
263,Hyundai Santro Xing 2006,Hyundai,2006,95000,Diesel,115000
264,"Tata Venture EX, 2012, Diesel",Tata,2012,70190,Diesel,250000
265,Toyota Innova 2006,Toyota,2006,100050,Diesel,211000
266,"Volkswagen Polo, 2012",Volkswagen,2012,70000,Diesel,350000
267,Hyundai i10 2009,Hyundai,2009,70000,Diesel,260000
268,Excellent Condition,Excellent,2017,48000,Diesel,750000
269,Opel Corsa 2002 Petrol,Opel,2002,20001,Petrol,70000
270,Tata Indica V2 2011,Tata,2011,260000,Diesel,109999
271,Nissan Terrano 2013/14,Nissan,2013,56000,Diesel,439999
272,"Tuv 300T6
Suv class car",Tuv,2017,90000,Diesel,700000
273,"Chevrolet Spark, 2007, Petrol",Chevrolet,2007,75423,Petrol,80000
274,Maruti Suzuki Alto K10 2010 very good condition,Maruti,2010,80000,Diesel,160000
275,Hyundai EON 2012 Petrol 63000 Km Driven,Hyundai,2012,63000,Petrol,250000
276,Honda Brio 2013 Petrol Good Condition,Honda,2013,67000,Petrol,350000
277,Ford Figo 2014 Diesel 78000 Km Driven,Ford,2014,78000,Diesel,360000
278,Maruti Suzuki Alto 800 2007 Petrol Good Condition,Maruti,2007,90000,Petrol,140000
279,Hyundai Verna 2008 Diesel 80000 Km Driven,Hyundai,2008,80000,Diesel,230000
280,"Chevrolet Sail U-VA 1.2 LS, 2013, Diesel",Chevrolet,2013,39560,Diesel,245000
281,"Chevrolet Tavera Neo LS - B3 7-Seater BS III, 2015, Diesel",Chevrolet,2015,76000,Diesel,676000
282,"Maruti Suzuki Ignis 1.2 Sigma, 2018, Petrol",Maruti,2018,25574,Petrol,485000
283,Tata Indigo Ecs 2015 Diesel Well Maintained,Tata,2015,78000,Diesel,210000
284,Top condition  new bima new tayar,Top,2018,65000,Diesel,700000
285,Well maintain tyres 70%,Well,2000,60000,Diesel,75000
286,Tata Zest  2011 Diesel 86000 Km Driven,Tata,2011,86000,Diesel,175000
287,Maruti Suzuki Ertiga 2014 Diesel Good Condition,Maruti,2014,125000,Diesel,850000
288,Mahindra Bolero 2010 Diesel 150000 Km Driven,Mahindra,2010,150000,Diesel,370000
289,Maruti Suzuki 800 2008 Petrol Well Maintained,Maruti,2008,46700,Petrol,100000
290,Skoda Octavia 2007 Diesel 100000 Km Driven,Skoda,2007,100000,Diesel,320000
291,Excellent condition model TATA Indigo Manza Aura base IV Quadrajet,Excellent,2012,40000,Diesel,250000
292,Maruti Suzuki Swift Dzire 2015 Diesel 62000 Km Driven,Maruti,2015,62000,Diesel,450000
293,Maruti Suzuki Eeco 2012,Maruti,2012,40000,Diesel,290000
294,"Hyundai Xcent 2016 
Top Condition",Hyundai,2016,1,Diesel,300000
295,Tata Indica 2006 Diesel 67123 Km,Tata,2006,67123,Diesel,90000
296,Aakodiya mendi  mp,Aakodiya,2008,8,Diesel,390000
297,Tata Indica Vista 2010 Diesel Well Maintained,Tata,2010,75000,Diesel,88000
298,"Hyundai i10 2007-2010 Era 1.1, 2009, Petrol",Hyundai,2009,43500,Petrol,180000
299,Maruti Suzuki Alto K10 2019 Petrol Good Condition,Maruti,2019,35000,Petrol,410000
300,"Mahindra XUV300 W6 Diesel, 2020, Diesel",Mahindra,2020,8456,Diesel,1075000
301,"Mahindra Scorpio Ex, 2007, Diesel",Mahindra,2007,76653,Diesel,375000
302,"Maruti Suzuki A-Star Lxi, 2009, Petrol",Maruti,2009,61085,Petrol,245000
303,Ford Figo 2015 Diesel Well Maintained and good condition,Ford,2015,51000,Diesel,430000
304,"Mahindra Bolero SLX, 2010, Diesel",Mahindra,2010,130000,Diesel,365000
305,Hyundai Creta Well Maintained,Hyundai,2015,65000,Diesel,950000
306,"Honda WR-V i-VTEC VX, 2020, Petrol",Honda,2020,24000,Petrol,890000
307,Fiat Punto 2011 Diesel Good Condition,Fiat,2011,80000,Diesel,140000
308,"Renault KWID RXT, 2016, Petrol",Renault,2016,80000,Petrol,276666
309,"Wagenor Car Fresh Conditions 3,20,000",Wagenor,2014,25,Diesel,320000
310,Maruti Suzuki Alto 2003 LPG 98000 Km Driven,Maruti,2003,98000,Diesel,80000
311,Mahindra Scorpio 2006 Diesel 97000 Km Driven,Mahindra,2006,97000,Diesel,380000
312,"Maruti Suzuki Swift, 2014, Diesel",Maruti,2014,74815,Diesel,435000
313,Maruti Suzuki Swift 2014 Diesel Well Maintained single hand used,Maruti,2014,103500,Diesel,440000
314,Chevrolet Beat 2015 Petrol 33800 Km Driven,Chevrolet,2015,33800,Petrol,250000
315,Kab condition,Kab,2006,52000,Diesel,95000
316,"Mahindra Xylo Others, 2009, Diesel",Mahindra,2009,55000,Diesel,325000
317,Royal Enfield thunder bird 350 115 final he,Royal,2014,19500,Diesel,120000
318,Insurance 1st party full complete,Insurance,2012,84000,Diesel,240000
319,Maruti Suzuki Swift 2015 Diesel 66000 Km Driven,Maruti,2015,66200,Diesel,499000
320,"Maruti Suzuki Ritz LDi, 2014, Diesel",Maruti,2014,49758,Diesel,425000
321,"Mahindra XUV500 W9, 2018, Diesel",Mahindra,2018,42172,Diesel,1595000
322,"Skoda Rapid 2013-2016 1.5 TDI Ambition Plus, 2014, Diesel",Skoda,2014,55287,Diesel,535000
323,Hyundai Santro Xing 2003,Hyundai,2003,120000,Diesel,90000
324,"Maruti Suzuki Swift 2012 
04 New Tayer, Orignal Top Condition",Maruti,2012,86000,Diesel,400000
325,Hyundai Xcent 2017 Petrol Well Maintained CNG,Hyundai,2017,80000,Petrol,425000
326,Renault Duster 110 ps  2013,Renault,2013,83000,Diesel,490000
327,"Toyota Innova 2.0 G4, 2008, Diesel",Toyota,2008,110000,Diesel,425000
328,Full Power,Full,2014,56000,Diesel,485000
329,Mahindra XUV500 2013 Diesel 73000 Km Driven,Mahindra,2013,73000,Diesel,601000
330,Tata Xenon XT 2017,Tata,2017,80000,Diesel,540000
331,Nov 19 delta AMT,Nov,2019,6200,Diesel,599000
332,Hyundai Santro Xing 2009 Petrol 74380 Km Driven,Hyundai,2009,74380,Petrol,190000
333,Maruti Suzuki Wagon R 2014 Petrol 40000 Km Driven,Maruti,2014,40000,Petrol,350000
334,"Audi Q3 35 TDI QUATTRO PREMIUM PLUS, 2017, Diesel",Audi,2017,100000,Diesel,2500000
335,"Hyundai EON Era, 2013",Hyundai,2013,42000,Diesel,240000
336,"Chevrolet Sail 1.2 LS, 2013, Diesel",Chevrolet,2013,115500,Diesel,150000
337,Alto car new condition,Alto,2012,54329,Diesel,190000
338,Maruti Suzuki Ciaz 2019 top model (1500) cc 1.5 alpha hybird,Maruti,2019,15000,Diesel,1100000
339,Mahindra XUV500 2018 Diesel Good Condition,Mahindra,2018,46000,Diesel,1300000
340,"Maruti Suzuki Alto 800 LXI, 2019, Petrol",Maruti,2019,36139,Petrol,365000
341,"Chevrolet Aveo 1.4 LT, 2010, Petrol",Chevrolet,2010,42993,Petrol,225000
342,"Honda WR-V i-VTEC VX, 2020, Petrol",Honda,2020,24000,Petrol,890000
343,Maruti Suzuki Swift Dzire 2016 Diesel 10262 Km Driven,Maruti,2016,10262,Diesel,450000
344,Skoda Rapid 2017 Diesel Well Maintained,Skoda,2017,99000,Diesel,750000
345,"Maruti Suzuki Swift 2013 Petrol Good Condition
4 Tyre,Bettey New hain",Maruti,2013,100000,Petrol,350000
346,Toyota Innova Crysta 2016 Diesel Well Maintained,Toyota,2016,175000,Diesel,1235000
347,Well maintained vehicle All New tyres,Well,2016,87000,Diesel,575000
348,Chevrolet Tavera Neo 2017 Diesel Well Maintained,Chevrolet,2017,72432,Diesel,663000
349,"Mahindra XUV500 W10 2WD, 2016, Diesel",Mahindra,2016,85000,Diesel,1225000
350,Mahindra Xylo 2009 Diesel Good Condition,Mahindra,2009,189000,Diesel,300000
351,Hyundai i10 2008,Hyundai,2008,74000,Diesel,180000
352,Nayi Lena h,Nayi,2015,25000,Diesel,280000
353,Tavera gadi,Tavera,2010,16,Diesel,325000
354,Urjent sell,Urjent,2011,100000,Diesel,75000
355,Alto K10 in a very good condition at very low price,Alto,2010,85000,Diesel,150000
356,"Toyota Fortuner 2.8 2WD MT, 2013, Diesel",Toyota,2013,78000,Diesel,1275000
357,Honda city automatic petrol cng,Honda,2011,65327,Diesel,365000
358,Tata Nano 2012 Petrol 53000 Km Driven,Tata,2012,53000,Petrol,70000
359,Mahindra TUV 300 2016 Diesel Well Maintained,Mahindra,2016,75000,Diesel,725000
360,"Maruti Suzuki Ciaz S 1.4, 2016, Diesel",Maruti,2016,58000,Diesel,750000
361,"Maruti Suzuki S Cross Zeta DDiS 200 SH, 2018, Diesel",Maruti,2018,37982,Diesel,950000
362,"Hyundai i20 1.4 Sportz, 2013, Diesel",Hyundai,2013,38222,Diesel,465000
363,Toyota Innova 2011 150000 Km Driven naye model mai bani hai,Toyota,2011,150000,Diesel,550000
364,Jeep Compass 2019 Diesel Well Maintained,Jeep,2019,19500,Diesel,1700000
365,Maruti Suzuki Omni 2001 Petrol 89000 Km Driven,Maruti,2001,89000,Petrol,71000
366,Maruti Suzuki Eeco 2011 Petrol 100000 Km Driven,Maruti,2011,200000,Petrol,195000
367,Mahindra B275 DI tractor,Mahindra,1999,100000,Diesel,180000
368,Toyota Corolla Altis 2010,Toyota,2010,65000,Diesel,450000
369,Toyota Innova 2011 Diesel Well Maintained,Toyota,2011,140000,Diesel,800000
370,Honda Mobilio 2010,Honda,2010,0,Diesel,170000
371,Ajent bechna hai,Ajent,2009,18,Diesel,125000
372,Mahindra Scorpio 2005,Mahindra,2005,150000,Diesel,180000
373,Maruti Suzuki Ciaz 2017 first owner full insurance push button start.,Maruti,2017,58000,Diesel,745000
374,Chevrolet Tavera 2008,Chevrolet,2009,55000,Diesel,270000
375,Exelent condition,Exelent,2017,48,Diesel,750000
376,Indica EV2 cr4 Engine,Indica,2014,40000,Diesel,260000
377,Mahindra KUV 100 2017,Mahindra,2017,114000,Diesel,400000
378,BMW 5 Series 2012,BMW,2012,46500,Diesel,1600000
379,Swift petrol vxi,Swift,2006,62000,Diesel,140000
380,"Chevrolet Trailblazer LTZ 4X2 AT, 2015, Diesel",Chevrolet,2015,72000,Diesel,1400000
381,"Tata Safari Storme EX, 2012, Diesel",Tata,2012,65639,Diesel,495000
382,"Hyundai Verna CRDi 1.6 SX, 2013, Diesel",Hyundai,2013,42000,Diesel,625000
383,Soda machine omni van,Soda,1999,70000,Diesel,190000
384,Urgent sale karna hai,Urgent,2017,50020,Diesel,795000
385,New kar lena he,New,2006,20,Diesel,100000
386,Second owner top condition,Second,2011,65000,Diesel,240000
387,Mahindra Xylo 2010 Diesel 49584 Km Driven,Mahindra,2010,49584,Diesel,390000
388,Hyundai Accent 2018 Diesel Good Condition,Hyundai,2018,44000,Diesel,525000
389,Maruti Suzuki Omni 2012 LPG 30000 Km Driven,Maruti,2012,30000,Diesel,150000
390,Tata Indigo CS 2010 Diesel Well Maintained,Tata,2010,106000,Diesel,120000
391,Tata Vista 2014 Diesel Well Maintained,Tata,2014,120000,Diesel,225000
392,Tata Indigo Ecs 2016 Diesel Well Maintained,Tata,2016,166000,Diesel,210000
393,Maruti Suzuki Swift 2009 Diesel Well Maintained,Maruti,2009,69000,Diesel,295000
394,Tata Indica 2009 Diesel 150000 Km Driven,Tata,2009,150000,Diesel,90000
395,Maruti Suzuki 800 1998 LPG Well Maintained,Maruti,1998,80000,Diesel,45000
396,Hyundai EON 2013 Petrol Well Maintained car,Hyundai,2013,63000,Petrol,225000
397,1 rs ka km nhi h gadi m or tyre bhi complete h 3 80% kbaki 60%,1,2007,76000,Diesel,90000
398,Hyundai Santro 2000 Petrol 90000 Km Driven,Hyundai,2000,90000,Petrol,50000
399,Chevrolet Beat 2014 Diesel 10000 Km Driven,Chevrolet,2014,10000,Diesel,35000
400,"Hyundai Grand i10 2016-2017 Magna, 2016, Diesel",Hyundai,2016,38445,Diesel,535000
401,"Hyundai Verna 2011-2014 1.6 SX, 2013, Diesel",Hyundai,2013,65870,Diesel,535000
402,"Tata Tiago 1.05 Revotorq XZ, 2018, Diesel",Tata,2018,37373,Diesel,535000
403,Very good condition full maintain,Very,2016,77600,Diesel,575000
404,seed drill 9 tyne nd cultivator 7,seed,2016,2000,Diesel,36000
405,Fast sale my van,Fast,2014,50000,Diesel,230000
406,My travera is very good condtion full power,My,2007,25000,Diesel,150000
407,Skoda Fabia 2012 Diesel Well Maintained,Skoda,2012,90000,Diesel,255000
408,Honda Amaze 2015 Diesel 56000 Km Driven,Honda,2015,56000,Diesel,425000
409,Mahindra Bolero 2015 Diesel 100000 Km Driven,Mahindra,2015,100000,Diesel,625000
410,Toyota Innova 2015 Well Maintained,Toyota,2015,90000,Diesel,750000
411,Chevrolet Spark 2012 Petrol 62000 Km Driven,Chevrolet,2012,62000,Petrol,150000
412,Mahindra Bolero 2010 Diesel 160000 Km DrivenB,Mahindra,2010,160000,Diesel,290000
413,Ford Figo 2010 Diesel Well Maintained,Ford,2010,167744,Diesel,160000
414,Maruti Suzuki Omni 2012 Petrol 90000 Km Driven,Maruti,2012,90000,Petrol,200000
415,Tata Indigo Ecs 2814 Diesel 134000 Km Driven,Tata,2014,134000,Diesel,140000
416,Chevrolet Tavera 2015 Diesel Good Condition,Chevrolet,2015,259900,Diesel,475000
417,Chevrolet Beat 2014 Diesel 70000 Km Driven,Chevrolet,2014,70000,Diesel,190000
418,Toyota Etios Cross,Toyota,2015,54000,Diesel,450000
419,2008 model trailers,2008,2008,20,Diesel,80000
420,"Mahindra Scorpio S4 Plus, 2017, Diesel",Mahindra,2017,57000,Diesel,951000
421,2015 डीजल मारुति सुजुकी स्विफ्ट डिजायर MP09 इंदौर GOOD condition 4+1,2015,2015,45300,Diesel,499999
422,"Hyundai i10 Era, 2013, Petrol",Hyundai,2013,49323,Petrol,325000
423,Scorpio s4+,Scorpio,2015,40000,Diesel,750000
424,Argent sale,Argent,2011,22,Diesel,150000
425,Ford Endeavour 2010,Ford,2010,100000,Diesel,350000
426,Nissan Micra 2011,Nissan,2011,58000,Diesel,235000
427,Chevrolet Tavera V2,Chevrolet,2012,100000,Diesel,320000
428,"Volkswagen Vento, 2012",Volkswagen,2012,65000,Diesel,375000
429,Hyundai i20 2013,Hyundai,2013,45000,Diesel,330000
430,Maruti Suzuki Swift Dzire Tour 2015,Maruti,2015,90000,Diesel,500000
431,Fiat Punto 2012 Diesel Good Condition,Fiat,2012,70000,Diesel,220000
432,Tata Zest  2016 Diesel 134000 Km Driven,Tata,2016,134000,Diesel,350000
433,Maruti Suzuki Baleno 2001 Petrol Well Maintained,Maruti,2001,12600,Petrol,180000
434,Aarjent sell karna he Tata mejik,Aarjent,2011,100000,Diesel,125000
435,Honda Jazz 2016 Diesel Good Condition,Honda,2016,38000,Diesel,651000
436,Ford Ikon 2010 Diesel Well Maintained,Ford,2010,151000,Diesel,160000
437,Maruti Suzuki Estilo 2010 Petrol 50000 Km Driven,Maruti,2010,50000,Petrol,225000
438,Hyundai EON 2013 Petrol 73500 Km Driven,Hyundai,2013,73500,Petrol,240000
439,Vikram in Good condition,Vikram,2012,5000,Diesel,85000
440,"Toyota Etios 2013-2014 GD, 2013, Diesel",Toyota,2013,70000,Diesel,465000
441,Leyland dost,Leyland,2013,17,Diesel,350000
442,Injan damdar h,Injan,2007,10000,Diesel,70000
443,Good condition,Good,2008,54000,Diesel,120000
444,New insurance New number ke sat,New,2014,82000,Diesel,630000
445,Sell and rent,Sell,2010,50000,Diesel,115000
446,17 टेम्पो ट्रवलर 12 में पासिंग लाइव टैक्स,17,2018,85000,Diesel,1651000
447,only interested,only,2017,45000,Diesel,742000
448,Volkswagen Vento 2010,Volkswagen,2010,81000,Diesel,265000
449,Ajax fiori argo 2000,Ajax,2013,15000,Diesel,1400000
450,Force Motors Trax Cruiser 2008 Diesel 100000 Km Driven,Force,2008,100000,Diesel,270000
451,Mahindra Bolero 2013 Diesel Good Condition,Mahindra,2013,70000,Diesel,490000
452,Maruti Suzuki Swift 2012 Showroom condition,Maruti,2012,45000,Diesel,450000
453,"Maruti Suzuki Swift Dzire VDI, 2013, Diesel",Maruti,2013,78546,Diesel,420000
454,Toyota Etios Liva 2017 Petrol 70000 Km Driven,Toyota,2017,70000,Petrol,435000
455,Chevrolet Cruze 2010 Diesel Good Condition,Chevrolet,2010,74000,Diesel,350000
456,Maruti Suzuki Wagon R  2019 Petrol Well Maintained,Maruti,2019,6000,Petrol,530000
457,Chevrolet Aveo 2008 CNG & Hybrids 123000 Km Driven,Chevrolet,2008,123000,Diesel,145000
458,Force Motors Force One 2009 Diesel loading three,Force,2009,50000,Diesel,83250
459,Volkswagen Vento 2011 Diesel 55000 Km Driven,Volkswagen,2011,55000,Diesel,360000
460,Volkswagen Vento 2011 Diesel 57200 Km Driven,Volkswagen,2011,57200,Diesel,410000
461,new insurance and new battery . and good tyre,new,2011,96545,Diesel,112000
462,Tata Indica 2003 Diesel 75000 Km Driven,Tata,2003,75000,Diesel,55000
463,Maruti Suzuki 800 1999 Petrol 73000 Km Driven,Maruti,1999,73000,Petrol,80000
464,Skoda Octavia 2006 Diesel Good Condition,Skoda,2007,350000,Diesel,140000
465,Maruti Suzuki Swift Dzire 2014 Petrol 56000 Km Driven,Maruti,2014,56000,Petrol,472000
466,Mahindra e2o plus 2020 Diesel 25000 Km Driven,Mahindra,2020,25000,Diesel,710000
467,Mahindra Bolero Pik-Up 2018 Diesel Well Maintained,Mahindra,2018,52000,Diesel,751000
468,"Maruti Suzuki Ignis 1.3 AMT Delta, 2017, Petrol",Maruti,2017,29000,Petrol,525000
469,Sell my tata indigo ecs very good conditon,Sell,2016,92000,Diesel,230000
470,Mahindra TUV 300 2016 Diesel 164000 Km Driven,Mahindra,2016,164000,Diesel,570000
471,"Hyundai Verna 2011-2014 1.6 SX, 2011",Hyundai,2011,58000,Diesel,475000
472,Mahindra Scorpio 2011 Diesel 95000 Km Driven,Mahindra,2011,95000,Diesel,299999
473,Volkswagen Vento 2012 Diesel Well Maintained,Volkswagen,2012,96000,Diesel,400000
474,Picap 407 tata,Picap,2015,12222,Diesel,400000
475,Hyundai i10 2008 good condition charo tyre new first insurance,Hyundai,2008,72500,Diesel,159000
476,"TOP Condition, well maintained, HONDA CITY at lowest price",TOP,2008,74689,Diesel,230000
477,Tata Manza 2010 Petrol Good Condition,Tata,2010,50000,Petrol,150000
478,Toyota Qualis 2005 Diesel Well Maintained,Toyota,2005,190000,Diesel,143000
479,Renault Pulse 2012 Well Maintained,Renault,2012,70000,Diesel,255000
480,Ford Ecosport 2018 Diesel 47000 Km Driven,Ford,2018,47000,Diesel,915000
481,Renault Duster 2018 Diesel 49000 Km Driven,Renault,2018,49000,Diesel,900000
482,Maruti Suzuki Alto 2007 CNG & Hybrids 92000 Km driv  urgent need money,Maruti,2007,92000,Diesel,140000
483,Hyundai Santro Xing 2008 Petrol Good Condition,Hyundai,2008,56558,Petrol,164000
484,"Skoda Rapid, 2015, Diesel",Skoda,2015,110000,Diesel,425000
485,"Hyundai EON, 2011, Petrol",Hyundai,2011,38000,Petrol,235000
486,Tata Nano 2011,Tata,2011,85000,Diesel,30000
487,Skoda Rapid 2015 Diesel 73000 Km Driven,Skoda,2015,73000,Diesel,611000
488,Fiat Linea 2011 Diesel Well Maintained luxury sedan model,Fiat,2011,94,Diesel,210000
489,Maruti Suzuki Omni 2018/2019 PETROL+LPG 40000 Km Driven,Maruti,2019,40000,Diesel,350000
490,Sell on cash,Sell,2018,28,Diesel,740000
491,Maruti Suzuki Eeco 2017 LPG 44000 Km Driven,Maruti,2017,44000,Diesel,415000
492,"Excellent condition 
All 4 tyer New MRF
New service 
new bettary",Excellent,2012,78000,Diesel,425000
493,Maruti Suzuki taxi car,Maruti,2017,25,Diesel,290000
494,"Nissan Terrano 2013-2017 XL 85 PS, 2013, Diesel",Nissan,2013,55000,Diesel,550000
495,"Hyundai i20 1.2 Magna Executive, 2017, Petrol",Hyundai,2017,16500,Petrol,610000
496,"Mahindra Scorpio Adventure Edition 2WD, 2017, Diesel",Mahindra,2017,93000,Diesel,1285000
497,"Hyundai Verna 2015-2016 1.6 CRDi SX, 2016, Diesel",Hyundai,2016,52000,Diesel,755000
498,Mahindra Jeep with original di engine,Mahindra,1993,50000,Diesel,175000
499,Top condition 7 month old only,Top,2020,5000,Diesel,475000
500,Tata Vista 2010 Diesel 176566 Km Driven,Tata,2010,176566,Diesel,60000
501,Tata Zest  2015 Diesel 62000 Km Driven,Tata,2015,62000,Diesel,390000
502,Maruti Suzuki Omni 2008 Petrol 5000 Km Driven,Maruti,2008,5000,Petrol,81000
503,Maruti Suzuki Estilo 2008 Petrol 55000 Km Driven,Maruti,2008,55000,Petrol,150000
504,New ertiga available for Taxi,New,2021,100,Diesel,100000
505,Maruti Suzuki Alto K10 2013 CNG & Hybrids Good Condition,Maruti,2013,80000,Diesel,200000
506,Maruti Suzuki Ciaz 2018 Diesel Well Maintained,Maruti,2018,75000,Diesel,850000
507,Skoda Superb 2011 Petrol 88652 Km Driven,Skoda,2011,88652,Petrol,160000
508,Maruti Suzuki Swift 2013 Diesel 82000 Km Driven,Maruti,2013,82000,Diesel,380000
509,Ford Ecosport 2018,Ford,2018,70000,Diesel,750000
510,Mahindra Thar 2017 Diesel Well Maintained,Mahindra,2017,44500,Diesel,699000
511,"Mahindra Scorpio S6 Plus 8 Seater, 2017, Diesel",Mahindra,2017,85000,Diesel,1100000
512,"Mahindra Thar CRDE 4X4 BS IV, 2015, Diesel",Mahindra,2015,40000,Diesel,701000
513,"Honda Brio 1.2 VX MT, 2017, Petrol",Honda,2017,34000,Petrol,399000
514,"Hyundai Grand i10 1.2 CRDi Magna, 2013, Diesel",Hyundai,2013,48000,Diesel,361000
515,"Mahindra Scorpio S11, 2019, Diesel",Mahindra,2019,51000,Diesel,1750000
516,"Skoda Rapid 1.5 TDI Active, 2012, Diesel",Skoda,2012,62000,Diesel,375000
517,"Chevrolet Beat Diesel LS, 2013, Diesel",Chevrolet,2013,46000,Diesel,194000
